wallet,chain,native_balance,native_balance_usd,token_balance_usd,chain_networth_usd,total_networth_usd
0x00000000219ab540356cbb839cbe05303d7705fa,eth,62077115.25,1.62786E+11,411575.92,1.62787E+11,1.62787E+11
0xc02aaa39b223fe8d0a0e5c4f27ead9083c756cc2,eth,2734846.731,7171647734,2393464.46,7174041199,7174041199
0xbe0eb53f46cd790cd13851d5eff43d12404d33e8,eth,1996008.369,5234175918,31.86,5234175950,5234175950
0x49048044d57e1c92a77f79988d21fa8faf74e97e,eth,1839921.56,4824866103,29.73,4824866132,4824866132
0x40b38765696e3d5d8d9d834d8aad4bb6e418e489,eth,1376694.803,3610136559,767816083.5,4377952643,4377952643
0x8315177ab297ba92a06054ce80a67ed4dbd7ed3a,eth,1026833.876,2692688683,3.46,2692688687,2692688687
0x742d35cc6634c0532925a3b844bc454e4438f44e,eth,854992.1315,2242064359,218135918.4,2460200277,2460200277
0x0e58e8993100f1cbe45376c410f97f4893d9bfcd,eth,768946.2965,2016424505,22.98,2016424528,2016424528
0x47ac0fb4f2d84898e4d9e7b4dab3c24507a6d503,eth,554999.0576,1455386033,7833151947,9288537980,9288537980
0xe92d1a43df510f82c66382592a047d288f85226f,eth,450118.3305,1180355034,9.79,1180355044,1180355044
0x61edcdf5bb737adffe5043706e7c5bb1f1a56eea,eth,369498.9676,968945134.7,7786.7,968952921.4,968952921.4
0x8d0bb74e37ab644964aca2f3fbe12b9147f9d841,eth,367474.809,963637139.8,211.04,963637350.9,963637350.9
0xa6dfb62fc572da152a335384f7724535b9defc84,eth,355000.0057,930924193.2,0,930924193.2,930924193.2
0x28c6c06298d514db089934071355e5743bf21d60,eth,316462.5438,829866573.3,1985591363,2815457936,2815457936
0xca8fa8f0b631ecdb18cda619c4fc9d197c8affca,eth,325000.4824,851728931.5,121.9,851729053.4,851729053.4
0xc61b9bb3a7a0767e3179713f3a5c7a9aedce193c,eth,318063.7606,833549861.2,5854973320,6688523182,6688523182
0x3bfc20f0b9afcace800d73d2191166ff16540258,eth,306276.6355,802659336.3,4.09,802659340.4,802659340.4
0xd3a22590f8243f8e83ac230d1842c9af0404c4a1,eth,300305.2991,787010251.9,537931072.8,1324941325,1324941325
0x8103683202aa8da10536036edef04cdd865c225e,eth,275000.0335,720692729.4,3.56,720692733,720692733
0x5a52e96bacdabb82fd05763e25335261b270efcb,eth,267483.0226,700992895.1,5550880702,6251873597,6251873597
0xbeb5fc579115071764c7423a4f12edde41f106ed,eth,266361.0299,698052488.2,5.28,698052493.5,698052493.5
0x0a4c79ce84202b03e95b7a692e5d728d83c44c76,eth,254248.4549,666309056.7,4250.73,666313307.4,666313307.4
0xf977814e90da44bfa03b6295a0616a897441acec,eth,252100.9115,660680988.4,24146024618,24806705606,24806705606
0x539c92186f7c6cc4cbf443f26ef84c595babbca1,eth,250000.0289,654969037.5,13.95,654969051.5,654969051.5
0x2b6ed29a95753c3ad948348e3e7b1a251080ffb9,eth,250000.0245,654969026.2,4210.54,654973236.7,654973236.7
0xbfbbfaccd1126a11b8f84c60b09859f80f3bd10f,eth,250000.0024,654968968.1,3.79,654968971.9,654968971.9
0x868dab0b8e21ec0a48b726a1ccf25826c78c6d7f,eth,250000.002,654968967.1,3.88,654968971,654968971
0x1b3cb81e51011b549d78bf720b0d924ac763a7c2,eth,243300.0045,637415805.6,10251.18,637426056.8,637426056.8
0x220866b1a2219f40e72f5c628b65d54268ca3a9d,eth,240000.0303,628770282.9,33971.81,628804254.7,628804254.7
0x73af3bcf944a6559933396c1577b257e2054d935,eth,218765.3272,573137997,544671646,1117809643,1117809643
0x866c9a77d8ab71d2874703e80cb7ad809b301e8e,eth,218289.9656,571892608.8,49094829.48,620987438.2,620987438.2
0x15c22df3e71e7380012668fb837c537d0f8b38a1,eth,214893.93,562995416.9,1.6,562995418.5,562995418.5
0xde0b295669a9fd93d5f28d9ec85e40f4cb697bae,eth,213774.3435,560062239.3,608973.33,560671212.6,560671212.6
0x0bd48f6b86a26d3a217d0fa6ffe2b491b956a7a2,eth,213514.4421,559747697.5,0,559747697.5,559747697.5
0x17e5545b11b468072283cee1f066a059fb0dbf24,eth,212147.6863,556164621.9,1.21,556164623.1,556164623.1
0xafcd96e580138cfa2332c632e66308eacd45c5da,eth,210712.4679,552402065,365177284.2,917579349.2,917579349.2
0x9c22a4039f269e72de6b029b273be059cdbb831c,eth,198225.4855,519666295.1,0,519666295.1,519666295.1
0xbf3aeb96e164ae67e763d9e050ff124e7c3fdd28,eth,187068.1961,490416437.4,3130.35,490419567.8,490419567.8
0x94dbf04e273d87e6d9bed68c616f43bf86560c74,eth,182978.2794,479694345.5,101756932.8,581451278.3,581451278.3
0x7bbfaa2f8b2d2a613b4439be3428dfbf0f405390,eth,182080.0636,477339590.5,1.05,477339591.5,477339591.5
0x5b5b69f4e0add2df5d2176d7dbd20b4897bc7ec4,eth,169032.0033,443132903.6,2830.72,443135734.3,443135734.3
0x2f2d854c1d6d5bb8936bb85bc07c28ebb42c9b10,eth,168634.9723,442092050.1,1.43,442092051.6,442092051.6
0x109be9d7d5f64c8c391ced3a8f69bdef20fcaea9,eth,155900.8432,408708362.6,1.04,408708363.7,408708363.7
0xa023f08c70a23abc7edfc5b6b5e171d78dfc947e,eth,148491.0636,389282945.7,1323185652,1712468598,1712468598
0xc882b111a75c0c657fc507c04fbfcd2cc984f071,eth,148003.4097,388004516.3,442302934.5,830307450.7,830307450.7
0xb5ab08d153218c1a6a5318b14eeb92df0fb168d6,eth,135283.677,354658570.1,3681.83,354662252,354662252
0x8484ef722627bf18ca5ae6bcf031c23e6e922b30,eth,133395.1178,349707538.8,0.95,349707539.7,349707539.7
0xd47b4a4c6207b1ee0eb1dd4e5c46a19b50fec00b,eth,129392.2714,339213709.7,67.96,339213777.7,339213777.7
0xd65fb7d4cb595833e84c3c094bd4779bab0d4c62,eth,129392.1719,339213448.8,793.95,339214242.8,339214242.8
0xa160cdab225685da1d56aa342ad8841c3b53f291,eth,126800,332417832.5,1.19,332417833.7,332417833.7
0x308861a430be4cce5502d0a12724771fc6daf216,eth,131661.5623,345162864,1.53,345162865.6,345162865.6
0x59708733fbbf64378d9293ec56b977c011a08fd2,eth,124355.418,326009136.5,69941746.81,395950883.3,395950883.3
0x79f67f689b9925710d4dda2a39d680e9cea61c81,eth,121198.1831,317732155.6,1.66,317732157.2,317732157.2
0x368d43c23843ca9b49dc861d80251bda6a090367,eth,120707.73,316446387.8,1.63,316446389.4,316446389.4
0x2d1566722288be5525b548a642c98b546f116aa0,eth,120707.7109,316446337.6,1.64,316446339.2,316446339.2
0xb4f4317b7885de16305d1303570879c21f378255,eth,120707.7108,316446337.5,1.64,316446339.2,316446339.2
0x84bf16e7675cee22d0e0302913ccf58b45333ddf,eth,120707.7108,316208992.7,1.64,316208994.4,316208994.4
0x6d9d2b30df394f17a5058aceb9a4d3446f1bc042,eth,120707.7108,316208992.7,1.66,316208994.4,316208994.4
0xf443864ba5d5361bbc54298551067194f980a635,eth,120707.7108,316208992.7,1.67,316208994.4,316208994.4
0x6c6d0af3b2059247530972834b9348f6d7c7ce13,eth,116844.5987,306089085.8,0.28,306089086.1,306089086.1
0xa1a45e91164cdab8fa596809a9b24f8d4fdbe0f3,eth,116005.0135,303889687,34090.06,303923777.1,303923777.1
0x376c3e5547c68bc26240d8dcc6729fff665a4448,eth,114939,301097131,51110.13,301148241.2,301148241.2
0x0f3a1bfd2a873c36bae8a7d442247fe4b8b88a69,eth,110706.151,290008652,0.28,290008652.3,290008652.3
0x084ef8564b4f75a70b7ad5e8aabf73edac005397,eth,108544.0449,284344743.6,1.39,284344745,284344745
0xcac9c634b4464efe71a9a5910edba06686baf457,eth,108532.9175,284315594.2,1.39,284315595.6,284315595.6
0x04b7f4195595d8132dd8249cc8dc7e79a6ae772b,eth,108532.9174,284315593.9,1.39,284315595.3,284315595.3
0xff2ac8c5834a7585fcc97edb8ba2431c4beab487,eth,108532.9173,284315593.7,1.26,284315595,284315595
0x4ed97d6470f5121a8e02498ea37a50987da0eec0,eth,108532.9173,284315593.7,1.5,284315595.2,284315595.2
0x6e414cfad874d8ee716ea0299d40011207c907b8,eth,108205.2672,283457272.9,1.66,283457274.6,283457274.6
0x19bf56fca395a600c20f732b05757f30ad24a719,eth,108205.267,283457272.6,1.65,283457274.3,283457274.3
0xfcd159d0fef5b1003e10d91a5b79d52bbb8cd05d,eth,108054.4252,283062123.4,1.65,283062125.1,283062125.1
0x8ae880b5d35305da48b63ce3e52b22d17859f293,eth,107708.2452,282155261.5,1.63,282155263.2,282155263.2
0xa463597d49f54fe6a811fb894cbd67c7f92852b0,eth,107686.2666,282097685.9,1.66,282097687.6,282097687.6
0x5a710a3cdf2af218740384c52a10852d8870626a,eth,107141.1685,280669732.9,1.48,280669734.4,280669734.4
0xbed96d0840201011df1467379a5d311e0040073a,eth,103744.7602,271772415.4,99.71,271772515.1,271772515.1
0x4eac9ce57af61a6fb1f61f0bf1d8586412be30bc,eth,102002.9954,267209643.9,2.98,267209646.9,267209646.9
0x67f706db3bbd04a250eed049386c5d09c4ee31f0,eth,100784.2482,264016982.8,4.02,264016986.8,264016986.8
0x999e77c988c4c1451d3b1c104a6cca7813a9946e,eth,100251.5054,262621396.1,41872154.45,304493550.6,304493550.6
0xd9858d573a26bca124282afa21ca4f4a06eff98a,eth,100179.6684,262433210.2,1.67,262433211.9,262433211.9
0x4fdd5eb2fb260149a3903859043e962ab89d8ed4,eth,100116.8905,262268755.6,1683.43,262270439,262270439
0xd8d98ee915a5a4f52c40d97fcd8ffadea1ee8604,eth,100000.1464,261962929.8,2.82,261962932.6,261962932.6
0x40f50e8352d64af0ddda6ad6c94b5774884687c3,eth,100000.0012,261962549.2,1680.05,261964229.3,261964229.3
0x2d89034424db22c9c555f14692a181b22b17e42c,eth,100000.0008,261962548.2,1680.37,261964228.5,261964228.5
0x9e927c02c9eadae63f5efb0dd818943c7262fb8e,eth,99808.44321,261460739.1,16924057.41,278384796.5,278384796.5
0xbed1eb542f9a5aa6419ff3deb921a372681111f6,eth,99022.76506,259246184.8,788564990.3,1047811175,1047811175
0x303c741bb15c9c4b1c72320f6df702b32da80519,eth,98770.4654,258585652.6,1.34,258585654,258585654
0xe9a5a2acfa9bee149ed28fcbf12b60ff2ad97efb,eth,98770.46437,258585649.9,1.39,258585651.3,258585651.3
0xe93fc974908003faddf0bd972b05b6494368d3f5,eth,98770.46434,258585649.9,1.59,258585651.4,258585651.4
0x36b6751586614d647d8a3f495e82bdcf250914c8,eth,98770.46382,258585648.5,9.77,258585658.3,258585658.3
0x28140cb1ac771d4add91ee23788e50249c10263d,eth,97634.06652,255610507.7,1.46,255610509.2,255610509.2
0xdf9eb223bafbe5c5271415c75aecd68c21fe3d7f,eth,97153.95508,254353553.7,1.21,254353554.9,254353554.9
0x3727cfcbd85390bb11b3ff421878123adb866be8,eth,96065.70615,251504467.6,56086108.27,307590575.9,307590575.9
0xc56fefd1028b0534bfadcdb580d3519b5586246e,eth,95263.26328,249403635,1.49,249403636.5,249403636.5
0xf196c023de1f19d6529133759f449c4b01ce0f51,eth,94923.81174,248514935.2,1.6,248514936.8,248514936.8
0x86a6a0080b1a4c9390416cf73ffb02738d94f8d6,eth,93032.09703,243562338.5,0.85,243562339.3,243562339.3
0x9030dcb01830eaa3d8ba285a824a05d8fb489ad0,eth,92228.15253,241457574.6,0.71,241457575.3,241457575.3
0xd19d4b5d358258f05d7b411e21a1460d11b0876f,eth,91337.56295,239125969.8,1.44,239125971.2,239125971.2
0x807cc0e799dcc651d94595e1f7f6e7373ef8f96a,eth,90645.23809,237313431.2,0.84,237313432.1,237313432.1
0xa580e49df5d054d69cf1b2ef4af847c6e6f64d30,eth,90000.14563,235624549.3,0.7,235624550,235624550
0x9b07c94f1d39d24b68da8ff7c78adb8b70238a75,eth,90000.14543,235624548.8,0.71,235624549.5,235624549.5
0x22a54a1eb8c573bbf845dd1ff64c8df05502c1b0,eth,90000.14531,235624548.5,0.74,235624549.2,235624549.2
0xda29accfb77995bef70bcf6478a73e9acb07732d,eth,90000.14529,235624548.4,0.71,235624549.1,235624549.1
0xf29c6705f188526e0029a92ee6bc21ebc750b675,eth,90000.14525,235624548.3,0.74,235624549,235624549
0x03d615c04be905790dbef2df0472a2e901ccd810,eth,90000.14511,235624547.9,0.73,235624548.7,235624548.7
0x5d71f4d4f6048112a3b21433fbcfba5f1f39549f,eth,90000.13567,235624523.2,0.32,235624523.5,235624523.5
0x6fb8ebc19bc2a9fa4413ba6a0ca6fa99e974b461,eth,89854.99813,235244546.4,0.57,235244547,235244547
0x6969d381bb7c775f6393bde4b69ed1afbbf7780a,eth,87743.49439,229716531.8,0,229716531.8,229716531.8
0xbddf00563c9abd25b576017f08c46982012f12be,eth,87561.51992,229240114.3,0.46,229240114.7,229240114.7
0x1bb762b16438f8b287626fd1042bc6f6848cc286,eth,86481.01579,226411304.4,0.57,226411305,226411305
0x0ef3794802b55bc4464114c3df550430b53a3506,eth,86028.21172,225225842.4,0.71,225225843.1,225225843.1
0xad0d53cf033ab63dc72d653640766ee1d366cef6,eth,85968.12155,225068523.5,0.71,225068524.2,225068524.2
0xac08f21ef597a51865d69896f09b52472acde80d,eth,85968.12134,225068523,0.69,225068523.7,225068523.7
0x6586ce3d543e0c57b347f0c3b9eeed2f132c104f,eth,84999.99549,222533924.7,1680.01,222535604.7,222535604.7
0x3f4ac8d3e1414b5351e632391908177c012c65cc,eth,84642.40756,221597742.9,0.67,221597743.6,221597743.6
0xb3764761e297d6f121e79c32a65829cd1ddb4d32,eth,83017.21228,217342906.4,163.48,217343069.9,217343069.9
0xbf4ed7b27f1d666546e30d74d50d173d20bca754,eth,82330.03474,216043732.4,4191.86,216047924.3,216047924.3
0xb46427e2cddecb0bde40bf402361effddd4401e2,eth,81444.25833,213719350.5,1372.14,213720722.7,213720722.7
0xddfa14b51e25ea8ea16d854cd4de263ad4e04f6e,eth,80868.14066,212207549.8,0.28,212207550,212207550
0x2fd56159f4c8664a1de5c75e430338cfa58cd5b9,eth,80673.9877,211698069.5,321266.61,212019336.1,212019336.1
0xc39cc669a548c661dfa6b5a1eeaa389d1ec53143,eth,80000.00043,209929447.3,1680.54,209931127.8,209931127.8
0x918fa381cb534677bad24afb29cb3c2acaf16385,eth,79340.38167,208198529.8,0.45,208198530.2,208198530.2
0xd2b0b1daed605718080f861034d3241f1cfd89cb,eth,79122.43029,207626599.6,0.58,207626600.2,207626600.2
0xcffad3200574698b78f32232aa9d63eabd290703,eth,78261.02262,205366164.2,867661488.8,1073027653,1073027653
0xfdfeb7474b6b104f32599948bb7f8ed81b06def3,eth,77735.85126,203988052.5,2.85,203988055.4,203988055.4
0x1430c9ebed1060ab0dd63a768e4be0d8ea9a85c6,eth,77067.65982,202234639.3,0,202234639.3,202234639.3
0xc54cb22944f2be476e02decfcd7e3e7d3e15a8fb,eth,75744.10843,198761484.1,229930042,428691526.1,428691526.1
0x0a8f6257ef3ed3efdd8dd18dd9294d3e333ad7fc,eth,74658.55991,195409562.6,0.54,195409563.2,195409563.2
0x7ced76dde9203a554df01cbb1ed0d17e9bce7524,eth,74658.5599,195409562.6,0.57,195409563.2,195409563.2
0x10cad69cbd241d36ed8c6d83a9f30b380134d1bc,eth,74658.55989,195409562.6,0.57,195409563.1,195409563.1
0x92f71d08f5ee94a7bf40fab05beda3545b55ad2a,eth,74658.55989,195409562.6,0.55,195409563.1,195409563.1
0xb3177d9873b7ac246874114d8760e66dc5e797cc,eth,74658.55988,195409562.5,0.3,195409562.8,195409562.8
0x6b2069bde6b87d0f882abbdc6eb4fcbd0a90bb96,eth,74658.55988,195409562.5,0.3,195409562.8,195409562.8
0x1b7b5b4bed048d86976d7cf51d9c4ea24e20ade7,eth,74658.55988,195409562.5,0.3,195409562.8,195409562.8
0xb0a27099582833c0cb8c7a0565759ff145113d64,eth,73375.56692,192051486.9,884291084.4,1076342571,1076342571
0x9aabd298b30d034f8c64f86aa25fc74b9f70930f,eth,72013.4946,188486430.8,0.3,188486431.1,188486431.1
0xe27f62b70ab44d7fd1842dce66138a31940fa29a,eth,71365.78142,186791121.5,0.57,186791122,186791122
0x755cdba6ae4f479f7164792b318b2a06c759833b,eth,70678.42166,184992042.2,1301.23,184993343.4,184993343.4
0x76ec5a0d3632b2133d9f1980903305b62678fbd3,eth,70145.23914,183596502.8,480895195.6,664491698.3,664491698.3
0x48c3ff4faba735e659beb7bf3e1ff65a159928ae,eth,70010.16005,183242949.9,0.43,183242950.3,183242950.3
0x24c16c998a1d0966a0a9ec2787f82d1d324b6263,eth,70010.12005,183242845.2,0.45,183242845.7,183242845.7
0x3fd6b1e25200fdda352cbc911ffcd4308895a7d0,eth,67666.3666,177108359.9,0.57,177108360.5,177108360.5
0xd65d71e5ecccfcf72b84cad65370626e048d1b33,eth,67666.36571,177108357.6,0.58,177108358.2,177108358.2
0x1f72b240b6fffceba07bdaa097cc7b216a643a0f,eth,67666.3657,177108357.6,0.54,177108358.1,177108358.1
0x4e5fab20b7b83c6f557b20c820883eab0a0b343b,eth,67666.3657,177108357.6,0.58,177108358.2,177108358.2
0x54cee0ef273d3d08ed120b0c561c0284a4c4490e,eth,67560.20066,176830483.7,0.56,176830484.3,176830484.3
0xecef66258cc21cb742ac34c68375b311fd3f34cc,eth,67491.71036,176651218.8,0.55,176651219.4,176651219.4
0x92cf9066c657b1f63a7a2dc37255b31be6ef1858,eth,67395.88611,176400410.7,0.47,176400411.1,176400411.1
0xc4d5b7c576edfbac20fa081cff79ec745193e207,eth,67372.2612,176338575.4,0.45,176338575.8,176338575.8
0xd548dd6ccc7a563346372fa0d8cef06e1683b0e3,eth,67372.26119,176338575.3,0.42,176338575.8,176338575.8
0xcaaad25746a0e04a3c7eff86422991b00fd3d76a,eth,67372.2523,176338552.1,0.58,176338552.7,176338552.7
0x1e143b2588705dfea63a17f2032ca123df995ce0,eth,67317.25772,176194610.5,1123.61,176195734.1,176195734.1
0x4920f22b632bfaa40af8d39c31d9607809485952,eth,67312.71303,176182715.4,0.54,176182715.9,176182715.9
0x5126ec2d8834b63a962fc471e2a6b12641454fe8,eth,66246.83955,173392923.2,0.42,173392923.6,173392923.6
0x1e2fcfd26d36183f1a5d90f0e6296915b02bcb40,eth,66004.18045,172757792.9,80184.62,172837977.5,172837977.5
0xf197c6f2ac14d25ee2789a73e4847732c7f16bc9,eth,65021.00914,170184463.4,141370714.6,311555178,311555178
0x282edab8a933bc1c02649fe3ea2842ecbe9928a7,eth,65006.10082,170145442.7,140284.09,170285726.8,170285726.8
0xec6a76e74b9a5ad49eda0aa63b91c2c53cb65a9c,eth,63734.30181,166816665.8,0.19,166816666,166816666
0x1e547eb395ac9c3ec41704ba85777dbcdd359de5,eth,63542.95031,166315826.9,0.19,166315827.1,166315827.1
0x43684d03d81d3a4c70da68febdd61029d426f042,eth,63426.62081,166011348.8,428962212.9,594973561.7,594973561.7
0x28cc933fecf280e720299b1258e8680355d8841f,eth,62394.41082,163309666.6,283482293.5,446791960.1,446791960.1
0x3bc643a841915a267ee067b580bd802a66001c1d,eth,62314.53435,163100599.8,143.91,163100743.7,163100743.7
0x26648eb66f11fe2e9d7b874981e8eefe6567b9df,eth,61158.77629,160075545.8,0.19,160075546,160075546
0x7ac0d327c18dc46f603e127b89db0a5b749dc069,eth,60944.04858,159513522.5,0.47,159513523,159513523
0xae0ee0a63a2ce6baeeffe56e7714fb4efe48d419,eth,60454.89023,158233210.9,38.18,158233249.1,158233249.1
0x8c1fe06904a6e642b1e8c66b3ee7fac83cc46873,eth,60330.84772,157908545,0.47,157908545.4,157908545.4
0xd6216fc19db775df9774a6e33526131da7d19a2c,eth,60134.34453,157394222.1,768009739.5,925403961.7,925403961.7
0xe913f7c3cfd476bd71243da9923bc40a708aacec,eth,59918.5102,156829302.4,0,156829302.4,156829302.4
0x52e86988bd07447c596e9b0c7765f8500113104c,eth,59807.71069,156539298.4,0.45,156539298.9,156539298.9
0xb203e1170a30e68dc5b20aac08aa42619842c79e,eth,59535.43559,155826651.9,29394511.74,185221163.7,185221163.7
0x1342a001544b8b7ae4a5d374e33114c66d78bd5f,eth,59491.41005,155711420.5,1005.06,155712425.6,155712425.6
0xd4914762f9bd566bd0882b71af5439c0476d2ff6,eth,59480.51005,155682891.1,1005.38,155683896.5,155683896.5
0x5bcd25b6e044b97dfc941b9ec4b617ec10e1abcd,eth,59330.38002,155289944.3,587634.91,155877579.2,155877579.2
0xa43d2e05ed00c040c8422a88cb8ede921a539f92,eth,59013.14023,154459608.3,998.06,154460606.4,154460606.4
0x998a7fd73446cd6532bf3058a270581730b27137,eth,58938.03701,154263034.9,2655.59,154265690.5,154265690.5
0x8696e84ab5e78983f2456bcb5c199eea9648c8c2,eth,58899.45427,154162049.3,4.41,154162053.8,154162053.8
0xb10edd6fa6067dba8d4326f1c8f0d1c791594f13,eth,58437.35297,152952556.3,0.43,152952556.7,152952556.7
0x8c3389616404fda275cfdba0c7b0b3d1fee9ebdc,eth,57624.53528,150825106.3,0.56,150825106.9,150825106.9
0x0cd2e58d93160773e98dba2d10f0e1f8bdd65959,eth,57269.00294,149894544.3,0.19,149894544.5,149894544.5
0x434587332cc35d33db75b93f4f27cc496c67a4db,eth,56661.82457,148305329.9,96022184.24,244327514.1,244327514.1
0x2842eb68fcd748e92acb44d82a9e315fc7dc650d,eth,55592.23623,145524447.3,0.46,145524447.7,145524447.7
0x7df24e36497dc9f6edea0a024a595a930049ee47,eth,55320.59085,144813358,0.43,144813358.4,144813358.4
0x05576087d1ad92873da0a3b76e7105195935b0f5,eth,55230.01539,144576257.5,2.83,144576260.3,144576260.3
0x7c2a289c0523e748c286a37570d2efc16d2c934e,eth,55000.55311,143975591.4,112.06,143975703.5,143975703.5
0x6e29f75b0350fd0e85ee34a21ef94767b0186996,eth,54445.75012,142523277.2,38432.91,142561710.1,142561710.1
0x26bbffef29c50f607be20d98cb44fbfc64cc50df,eth,53831.47721,140915287.8,0,140915287.8,140915287.8
0xe3f53355cdbeaf2afafc4fc22be0a5c02570061a,eth,53242.5638,139373682.2,0.19,139373682.4,139373682.4
0xe5bb1523743d3a3c1eb6682060e3c3b0041db563,eth,52449.89601,137298706.5,0.19,137298706.7,137298706.7
0xa6715eafe5d215b82cb9e90a9d6c8970a7c90033,eth,52419.91008,137220212,12.11,137220224.1,137220224.1
0x93610880fb8f4f2a33931b403990d3536f73de5f,eth,52345.55104,137025561.4,0.44,137025561.9,137025561.9
0x1c7bfcad2ee0e50493fa6a22f4f06c0c9ec86e60,eth,52345.55104,137025561.4,0.43,137025561.9,137025561.9
0x7ef857eb57071f1d659d43ea466591bf7c32dc3d,eth,52345.55104,137025561.4,0.47,137025561.9,137025561.9
0xfe27a55a953b741daccd6606b560fc98edebf0ac,eth,52345.55104,137025561.4,0.45,137025561.9,137025561.9
0xef6ddef90502aee5bb6bd9db326c853e44c42be1,eth,52345.55104,137025561.4,0.46,137025561.9,137025561.9
0x33cba8530056037780bd7c3cd65d4d6ff1aebbf8,eth,52345.55103,137025561.4,0.46,137025561.9,137025561.9
0xdfcc6d21f4494a81b605d67900bfb03290a00555,eth,52345.55103,137025561.4,0.46,137025561.9,137025561.9
0xa56d5dc24797e7e7fe0981fa49302ec673992ef8,eth,52345.55102,137025561.4,0.45,137025561.8,137025561.8
0xdd0817f5c09013ab1a78c7943d4baed6bcf64548,eth,52236.27873,136739518,0.46,136739518.5,136739518.5
0x2fb6db0fc654925ae4aad32ef06aa2b4a5684dda,eth,52236.27873,136739518,0.45,136739518.5,136739518.5
0xaacdeeab334a8fd81baae72bc34274d1e57227a7,eth,52236.27873,136739518,0.43,136739518.5,136739518.5
0x0afbaf9dd49d5d7b32bc196a1d5fdf0a611f60ac,eth,52236.27873,136739518,0.45,136739518.5,136739518.5
0xab90ed01b9f5e903b988856f09a14bb9f5413282,eth,52236.27873,136739518,0.46,136739518.5,136739518.5
0x991a7ff3cb20d5b5d6d9be5efec4e4c51cddad7a,eth,52170.12979,136566359.2,0.59,136566359.8,136566359.8
0x256eec4293b8df9399a933a61f9ad23d26e17a2d,eth,52042.49904,136232258.7,0.27,136232259,136232259
0x9e154e49ce0c4d1133f526f91b13893dcd5919d4,eth,52042.49904,136232258.7,0.28,136232259,136232259
0x8c16654e999413be8c915f8ff1decbc881511201,eth,52042.49904,136232258.7,0.45,136232259.1,136232259.1
0xfeeffac279d9cbf3b01879ef1889927ba34e74d7,eth,52042.49904,136232258.7,0.43,136232259.1,136232259.1
0xe651e175046a8b812521711bf0a60f03654a2dbd,eth,52042.49904,136232258.7,0.19,136232258.9,136232258.9
0x575c25b7a57187007870b777cd4bb44e93ac323c,eth,52042.49904,136232258.7,0.45,136232259.1,136232259.1
0x74e9b764e0b14a63d11e6c1439325986f76d0984,eth,52042.49904,136232258.7,0.19,136232258.9,136232258.9
0x240a478dca8fd4ee366c11be433fe5413b6a257f,eth,52042.49904,136232258.7,0.46,136232259.1,136232259.1
0x93d58cc117e0af304b5042a42c003d594500abee,eth,52042.49904,136232258.7,0.19,136232258.9,136232258.9
0xe49dae1271a993e1ca7206ed04e2323e3a8e2040,eth,52042.49904,136232258.7,0.45,136232259.1,136232259.1
0xdc9f181faa64e9b9351ff4f6060682b7effcdf67,eth,52042.49904,136232258.7,0.19,136232258.9,136232258.9
0xda78f7f430a98011ffdf4e01347482d17660005d,eth,52042.49904,136232258.7,0.44,136232259.1,136232259.1
0xe084cd9365e25716a893b12a650274559b783d62,eth,52034.97479,136212562.3,0.28,136212562.6,136212562.6
0xc1458d19970ebfaf46fbb6c781c87d87e25539b7,eth,52034.97479,136212562.3,0.28,136212562.6,136212562.6
0xcade17f4f80187f0ba8110642b8ef9a7bf67e0f2,eth,52001,136123626.2,0,136123626.2,136123626.2
0xd3d6e5fde174dd1a67d974e766fcac6d7676b320,eth,51995.76255,136109916,0.24,136109916.3,136109916.3
0x48cd64a62aed2d0933faa94815e03d667d04078e,eth,51793.62969,135580790.5,0,135580790.5,135580790.5
0x1b8766d041567eed306940c587e21c06ab968663,eth,51377.30148,134490963.2,0.55,134490963.8,134490963.8
0x795cbc7a670d06e56cd2197d4ca175e081a416ad,eth,51166.99131,133940431.8,0.19,133940432,133940432
0xc45c36017b0b7708f493534ca4f0930964c1d542,eth,51000.00058,133503298.3,0.47,133503298.7,133503298.7
0x47029dc4f3922706bf670d335c45550cff4f6a35,eth,50856.53015,133127734,2069.59,133129803.6,133129803.6
0xceffc7330317f72957c662d072a5e7d63b9b578c,eth,50399.939,131932510,853.4,131933363.5,131933363.5
0x89434a1a33af76fab6eb23c06aba4f341bb84ef5,eth,50349.39871,131800210.1,0,131800210.1,131800210.1
0xad7f791974169973443c496eaa102f1a7842003d,eth,50189.48433,131381600.4,0.43,131381600.8,131381600.8
0xd81e5c967dcaae076f1e650303dc0a63ed8a34d6,eth,50164.53789,131316297.8,0.26,131316298,131316298
0xee5b5b923ffce93a870b3104b7ca09c3db80047a,eth,50140.57114,131253559.7,166280226.8,297533786.6,297533786.6
0xa90aa5a93fa074de79306e44596109dc53e01410,eth,50074.18543,131079781.1,0.5,131079781.6,131079781.6
0x50cb0508434b4c68a2c4fde30b02b269d2d5b6bd,eth,50005.98483,130901251.6,13.91,130901265.5,130901265.5
0x50bd66bfddf48b8914602bf51c93756731ec51ae,eth,50001.00566,130888217.6,14.43,130888232,130888232
0x5a03703125380cfda804446fdaa3b4064cb6cc0a,eth,50000.89004,130887914.9,846.51,130888761.4,130888761.4
0x6220d7a458a68d6a554e5904792049fd2ef6bbcc,eth,50000.4191,130886682.1,117.3,130886799.4,130886799.4
0x07f1d450b16e53302931c5362ee0ab41f2978541,eth,50000.15016,130885978.1,103.52,130886081.6,130886081.6
0x79ae8c1b31b1e61c4b9d1040217a051f954d4433,eth,50000.14867,130885974.2,0,130885974.2,130885974.2
0x25c7d768a7d53e6ebe5590c621437126c766e1ea,eth,50000.14866,130929640.2,0,130929640.2,130929640.2
0xc273a2e3fc4c8f8610ebe51123dc32d233913da7,eth,50000.14589,130929632.9,0,130929632.9,130929632.9
0x98ec059dc3adfbdd63429454aeb0c990fba4a128,eth,50000.1086,130929535.3,3.06,130929538.3,130929538.3
0xc97b6e3e4301617f617b23120f31303e8ccee606,eth,50000.0156,130929291.7,103.26,130929395,130929395
0x565b8fbf9336bec8fbfb4f78fbf30d7f70d6973b,eth,50000.01259,130929283.9,104.38,130929388.2,130929388.2
0xe6f5b8d420a8427e1718aa53bda05fc741a76fb6,eth,50000.00485,130929263.6,0,130929263.6,130929263.6
0xe780a56306ba1e6bb331952c22539b858af9f77d,eth,50000.00005,130929251,853.01,130930104,130930104
0x35696b0847ed8428a098cba726b6514582aa5fc7,eth,50000,130929250.9,10.01,130929260.9,130929260.9
0xcab3f132a11e5b723fc20ddab8bb1b858d00a8e8,eth,49999.99999,130929250.9,35789936.92,166719187.8,166719187.8
0xa18eb0ed2543be132ef5aa3c8a87a0f5b2e30fca,eth,49996.54874,130920213.5,847.99,130921061.5,130921061.5
0x914313e0baad92a06ff64eae074b42bef8ddc1ad,eth,49821.66831,130462274.2,0,130462274.2,130462274.2
0x4ddc2d193948926d02f9b1fe9e1daa0718270ed5,eth,49544.56886,129736665.7,2742703.65,132479369.4,132479369.4
0x1e747fb111ba949af397b15cbceb424d3f19d8a6,eth,49371.02115,129282216.3,0.46,129282216.7,129282216.7
0x8408b4ff79195dd2c1b903204b3b41becc4bb486,eth,49181.32561,128785482.4,27.93,128785510.3,128785510.3
0x7442041898dc3f8ed76fa4e00a762064c87991c8,eth,48746.20445,127646080.6,0.45,127646081.1,127646081.1
0x3d9256ad37128e9f47b34a82e06e981719477c18,eth,48364.31273,126646064.7,2.75,126646067.5,126646067.5
0x3262f13a39efaca789ae58390441c9ed76bc658a,eth,48042.14622,125802444.3,0.57,125802444.9,125802444.9
0xae004fada7bc866cf3865a804df8279df5ffaadb,eth,47865.4623,125339782.4,0,125339782.4,125339782.4
0x6130611f7a65deb930bd0c0825af88078fcced43,eth,46778.00002,122492170,2617540.07,125109710.1,125109710.1
0xc963eb5b4c9e1d9251d012373c3d430f066bcdec,eth,45749.99871,119800261.2,33898863.43,153699124.6,153699124.6
0xf9a345948c9f31b225686ab8911140b0e2bcdca8,eth,45558.05895,119297650.6,0.44,119297651,119297651
0x7713974908be4bed47172370115e8b1219f4a5f0,eth,44976.1715,117773928.8,19352371.87,137126300.7,137126300.7
0x70773129aca50d298631283e137473ab8ffc0177,eth,44800.76067,117314600.7,0.45,117314601.1,117314601.1
0x16cb7e14189415a3bb7add718fa7f0d53c23a011,eth,44483,116482517.3,0,116482517.3,116482517.3
0xad10a0ec7a7fdd54b9d13fa8e2ee1d5f4e94627a,eth,43964.88356,115125785.4,0.43,115125785.8,115125785.8
0x1ac33f385a4e9fe2d809a81c5c10473f81ee0ed3,eth,43786.31014,114658175.7,92.35,114658268.1,114658268.1
0x78d070de6735ef2f21d0a6532a9ae254cae0aecf,eth,43699.99519,114432152.7,0.47,114432153.1,114432153.1
0xee471215e428c08ba69751627e5f6761bba7ae18,eth,43595.64489,114158902.5,0.44,114158903,114158903
0x42697cc8cb495aebd453d016950344867d51f27e,eth,43529.90079,113986746,0.56,113986746.6,113986746.6
0x7f3a1e45f67e92c880e573b43379d71ee089db54,eth,43499.57279,113907329.6,1684.78,113909014.4,113909014.4
0x0c501d43206b97fa4300f1b0962742b4f938f70e,eth,43300.72774,113386636.9,42320375.02,155707011.9,155707011.9
0x0100dc5672f702e705fc693218a3ad38fed6553d,eth,43229.00004,113056910,0,113056910,113056910
0x90f9dff16f9efafeeb8b130dc5d3562ac5e76a96,eth,42837.211,112032263.2,0.56,112032263.8,112032263.8
0x9168765ee952de7c6f8fc6fad5ec209b960b7622,eth,42612.9543,111445764.1,6.69,111445770.8,111445770.8
0x15abb66ba754f05cbc0165a64a11cded1543de48,eth,42316.87922,110671438.2,36462345.41,147133783.6,147133783.6
0x9696f59e4d72e237be84ffd425dcad154bf96976,eth,41053.43573,107367151.4,104399383.2,211766534.6,211766534.6
0x267be1c1d684f78cb4f6a176c4911b741e4ffdc0,eth,43889.17291,114783461.8,107166.75,114890628.5,114890628.5
0x14e40e9528d3d3ae65d710aafd7019e61ff0b447,eth,41482.13648,108488333.5,0.24,108488333.7,108488333.7
0x093c06ab7ffe19bd3efc8a55548bdf4285505577,eth,41435.75575,108367033.9,0.19,108367034,108367034
0xdca6ab9508d28c0eb7b120b8252041edcb56753f,eth,41420.00002,108325827.9,770797.58,109096625.4,109096625.4
0x111cff45948819988857bbf1966a0399e0d1141e,eth,41343.3288,108125309.4,78319701.73,186445011.1,186445011.1
0x5696ae5ad2c22a4afc03bbae5bf18ca9278ae5c5,eth,41234.43399,107840516.5,700.65,107841217.2,107841217.2
0xa3307fa292b7dd2c91218d5688556ff7eb1e5f88,eth,41057.37875,107377463.6,0.47,107377464,107377464
0x4b068fe2cee007a48db70b28047470ded49d6aba,eth,41040.33593,107332891.4,166.51,107333057.9,107333057.9
0xf367ae3ec7941e5145eebe0a820da59a7df82012,eth,40791.24479,106681442.7,11.99,106681454.7,106681454.7
0x8729dc4831577d8a30e28e264d974745d9a92335,eth,40759.46171,106598320.4,708.84,106599029.2,106599029.2
0xd641651ed7e19a04ce536610d75b3dcaf427ad73,eth,40756.60611,106590852.1,46846.98,106637699.1,106637699.1
0x37e3bc492735d3d84f2b126cffaf4f0a95bff049,eth,40635.65328,106274523.9,0.58,106274524.5,106274524.5
0x3b9de915fce667b90f919075c4d10067b15192a9,eth,40143.25626,104986756.8,0.43,104986757.2,104986757.2
0xabdc9f1bcf4d19ee96591030e772c334302f7d83,eth,40110.00004,104899781.7,687.56,104900469.2,104900469.2
0x65f6db242a5eb6037ecbccb9fdcd9666fba8d1cc,eth,40097.71041,104867640.6,0.44,104867641,104867641
0x2dca0e449ab646dbdfd393a96662960bcab5ae1e,eth,40000.00334,104612107,685.9,104612792.9,104612792.9
0xd72fcafc43706d5854d034bf25cb96a07465c435,eth,39711.91948,103858680.6,0.43,103858681,103858681
0xf89d7b9c864f589bbf53a82105107622b35eaa40,eth,40446.08795,105940998.4,1763730472,1869671470,1869671470
0xf4e6deea1b4da85c2d68db8d771d37ec1148b853,eth,39272.98561,102868275.2,34156388.16,137024663.4,137024663.4
0xa9ac43f5b5e38155a288d1a01d2cbc4478e14573,eth,38490.3656,100818347.8,151.63,100818499.4,100818499.4
0x790137e76f83acb16c100bddd2fa2cd2ba8a540f,eth,38742.24256,101478092.6,0.43,101478093,101478093
0x7aacfab03940202ce8c37e3aed3718fe3a37b007,eth,38211.51731,100087956.6,0.57,100087957.2,100087957.2
0x397510f7c4909eb2c30959f1470ffad7eb3869dd,eth,38070.85541,99719518.93,99.58,99719618.51,99719618.51
0x06a0048079ec6571cd1b537418869cde6191d42d,eth,37913.56198,99307518.08,2.86,99307520.95,99307520.95
0x4399f61795d3e50096e236a6d31ab24470c99fd5,eth,37506.39451,98241018.68,704.74,98241723.42,98241723.42
0x04786aada9deea2150deab7b3b8911c309f5ed90,eth,37257.5329,97589172.02,634.83,97589806.85,97589806.85
0x1b1877fba975fa4cbb14bb28f2b51c21cfc6f477,eth,36982.79152,96869538.12,0.19,96869538.3,96869538.3
0x5a85aafa7fbca99ea32df27c33b14831feeb20f9,eth,36892.59188,96633276.96,628.7,96633905.65,96633905.65
0xefd04d371f346c04cec89568da832d45c5f1f3c6,eth,36728.17948,96202629.28,0.19,96202629.46,96202629.46
0x40638e9fe6005d9c1f8b7a7b4dec086707fdc84d,eth,36688.24958,96098040.34,51478617.01,147576657.4,147576657.4
0x9f2a6fa34ad8f0e8acdc77c24573b0324de97166,eth,36276.5599,95019695.86,0.56,95019696.42,95019696.42
0x6774bcbd5cecef1336b5300fb5186a12ddd8b367,eth,35852.18804,93908132.76,0.32,93908133.08,93908133.08
0x52c1e7b9c0ecb7fdc39fc498eae80ed063a27fdd,eth,35747.58984,93634157.26,0.27,93634157.52,93634157.52
0x56eddb7aa87536c09ccc2793473599fd21a8b17f,eth,35024.7186,91740730.59,117302314.7,209043045.3,209043045.3
0xdecffa6430a9b2e8aca7af813428566bb3a4151e,eth,35603.28801,93256185.47,0.46,93256185.93,93256185.93
0x618c8f4771bb2fea91cc936a37d804863c6027d0,eth,35538.88922,93087504.81,0.47,93087505.28,93087505.28
0xc79104b157573a322338776f56946825b06bdae3,eth,35472.76763,92914311.61,0.43,92914312.04,92914312.04
0x0aa688e6fe70ed7af4b18ebad588d5d7a553c958,eth,34938.61715,91515203.86,0.46,91515204.32,91515204.32
0xe9c8c070c5e690a98d8d3814b886ee47e3dffe89,eth,34017,89099195.85,0,89099195.85,89099195.85
0x184744fb0ae65515732b76b6480d01975009af1a,eth,33600.65404,88008679.64,573.72,88009253.35,88009253.35
0x403a7a62c5b5f3a4cc3d6ef1fb5d283a8d2427e1,eth,33596.18597,87996976.6,0.46,87996977.06,87996977.06
0x7abc6a3af0806fd5098dcbc95296ee91d00461dd,eth,33500.00001,87745041.06,0,87745041.06,87745041.06
0x85ad8bdf4a7b81cb647b90250b5b2f83cf23efe4,eth,33006.33678,86452011.21,0.19,86452011.39,86452011.39
0x14407276f054004a4c5807c779416fd3106503af,eth,32825.63909,85978717.89,0.19,85978718.07,85978718.07
0x4976a4a02f38326660d17bf34b431dc6e2eb2327,eth,31501.47926,82510405.67,1627.82,82512033.5,82512033.5
0x5b71d5fd6bb118665582dd87922bf3b9de6c75f9,eth,32629.74091,85465610.59,218259833.3,303725443.9,303725443.9
0x38b50146e71916a5448de12a4d742135dcf39833,eth,32200.00005,84340009.73,556.34,84340566.07,84340566.07
0x514c8595ad5e696e5c0db6b1667972c595090ec7,eth,32001.01015,83818804.44,0.19,83818804.62,83818804.62
0x0fa5b9b2805e2d0f25dee42730cf4e30c9e7e0b1,eth,32000.79593,83818243.34,113080403.1,196898646.5,196898646.5
0x6c064fb0b9956b111fdcfe4297c03c980dd7730c,eth,31748.79464,83158187.72,39169.71,83197357.43,83197357.43
0xb5858b92062e4eebae4f6cef621f3ea060afa5e3,eth,31700.9694,83032921.21,0.44,83032921.65,83032921.65
0x6841731d5183fb7ccf89689b2e37cfdb8bf6799e,eth,31259.89401,81877632.33,0.47,81877632.8,81877632.8
0x2bf916f8169ed2a77324d3e168284fc252ae4087,eth,31137.89275,81558079.91,0.25,81558080.15,81558080.15
0x078a9e1b56850dc9be25c20fb0f980c60775cf46,eth,31126.21104,81527482.54,0.44,81527482.98,81527482.98
0x2933782b5a8d72f2754103d1489614f29bfa4625,eth,31038.985,81299015.29,483553198.5,564852213.8,564852213.8
0xa97beb3a48c45f1528284cb6a95f7de453358ec6,eth,31000.00004,81196903.76,536.05,81197439.8,81197439.8
0x1eddfb5ef9d8a66d1ec39292a7d1ab42b865e04b,eth,30800.60819,80674645.66,51847.87,80726493.53,80726493.53
0xd69b0089d9ca950640f5dc9931a41a5965f00303,eth,30625.68235,80216470.27,2.76,80216473.03,80216473.03
0x2fad8ed34e368a5975d93a86f7c5390edd87e0a4,eth,30600.00001,80149201.68,0.42,80149202.11,80149202.11
0x8515d54d226a6e8a2c824112ed6d282cbacd3dd1,eth,30434.86,79716657.89,0,79716657.89,79716657.89
0xdfd5293d8e347dfe59e90efd55b2956a1343963d,eth,30134.61021,78930227.15,363319990.5,442250217.6,442250217.6
0xff64a8933e05c9d585ab72db95d207ebee9be5a8,eth,30106.17233,78855741.09,1032.88,78856773.97,78856773.97
0x491561db8b6fafb9007e62d050c282e92c4b6bc8,eth,30023.00005,78637891.68,518.14,78638409.82,78638409.82
0x2aaf355c820676c104bd00ee6c506fa05998dda2,eth,30008.05117,78598736.75,0,78598736.75,78598736.75
0xb5ab1ec3feac6134ab3cf7f0126d873929f756a2,eth,30006.74588,78595317.86,86856.03,78682173.89,78682173.89
0xd7c4d4b3f076bf9fe391190c42676b4dc269ee02,eth,30000.09784,78577904.94,0.28,78577905.22,78577905.22
0x4e5e17e8ef17c9a7ef9798ddf78f3a2c38367d16,eth,30000.09692,78600824.35,0.28,78600824.63,78600824.63
0x429b41e5eb73e2266affbc2d7a41553bd8f1ede1,eth,30000.09633,78600822.8,0,78600822.8,78600822.8
0x495eb9345788ee6be50c9c36ed67ffa2beb3699f,eth,30000.09512,78600819.63,0,78600819.63,78600819.63
0xa32e317f86ba61e87083e3e39bebba3837697678,eth,30000.01565,78600611.41,2.59,78600613.99,78600613.99
0x3cef1f90be0f15f1573bda7a3e045cca9cff1d15,eth,30000.00981,78600596.11,0,78600596.11,78600596.11
0x69073269729e6414b26ec8dc0fd935c73b579f1e,eth,30000.00004,78600570.53,519.66,78601090.18,78601090.18
0xf8047b8b16876435214b7b8ec6836a707b56a469,eth,29835.35839,78169206.25,0.43,78169206.68,78169206.68
0xa2f6abe26fe0e1c1f2684ab002ed02a59ffbf85a,eth,29816.49407,78119781.4,1306.66,78121088.06,78121088.06
0x2e6b9ede9421bd2b2647d3da76e4671ba10bbd67,eth,29627.93786,77625760.53,0,77625760.53,77625760.53
0x5d8f71af4f6afd7f89c2bb9db7d7f95f5ae127fd,eth,29550.84897,77423786.16,0.45,77423786.61,77423786.61
0x770b376dca76cb1e190f9539010bce8d96c26bc6,eth,29162.64112,76406674.22,0.42,76406674.65,76406674.65
0x3530210047414414622f66d8e76dc65efa4714c9,eth,29066.14105,76153842.2,685.48,76154527.68,76154527.68
0xa3f480eb9e0a0d91d20538464c89a7d3d4951b63,eth,29000.25748,75981225.99,57870.04,76039096.03,76039096.03
0x4c04d4fcff37541bc84862bfcb6918cb2391e9c5,eth,28982.43507,75934530.96,0.25,75934531.21,75934531.21
0x0bcf7618d360a1f825f24f16c30d4d350332044f,eth,28980.84398,75930362.27,0.28,75930362.55,75930362.55
0x000000000004444c5dc75cb358380d2e3de08a90,eth,29463.65296,77195330.98,159026288.7,236221619.6,236221619.6
0xb5742a2dde347217efc3a7eb54bf753d1ddcd469,eth,28722.4904,75253470.95,0.44,75253471.4,75253471.4
0x05d5dd85827200b98fb24f585e395bcf9e2d8de0,eth,28582.76009,74887374.89,0.47,74887375.35,74887375.35
0xa7c0d36c4698981fab42a7d8c783674c6fe2592d,eth,28280.01433,74094175.24,890236063,964330238.3,964330238.3
0x24c030caf0aab4e8aea86ab913a59fa909a659d5,eth,28065.48582,73532106.47,0.47,73532106.94,73532106.94
0xddbd2b932c763ba5b1b7ae3b362eac3e8d40121a,eth,28000.61909,73362154.41,93.33,73362247.73,73362247.73
0xbd719aadc672497b7dcf5d1947b6c2784919c9ce,eth,28000,73360532.38,0,73360532.38,73360532.38
0xebec795c9c8bbd61ffc14a6662944748f299cacf,eth,27909.57836,73123625.97,7.41,73123633.38,73123633.38
0x9e7972d68b9ec0980ffaca75daf7ad3ea84d9137,eth,27788.15321,72805489.77,0.44,72805490.22,72805490.22
0xd03be958e6b8da2d28ac8231a2291d6e4f0a7ea7,eth,27612.16246,72344390.67,0.26,72344390.92,72344390.92
0xae5d3d7ad60939bc9f0a5588457b5e75fa458d2e,eth,27586.48684,72277120.04,2.66,72277122.7,72277122.7
0xb17c443c89b0c18e53b6e25ae55297e122b30e5c,eth,27450.25561,71920191.62,0.46,71920192.08,71920192.08
0xae0e8770147aaa6828a0d6f642504663f10f7d1e,eth,27315.6984,71567649.18,0.25,71567649.43,71567649.43
0xc8dd597fcf3c5d0b1c481201ddda275a860f4199,eth,27302.13848,71532121.93,0.47,71532122.4,71532122.4
0xe7f13fa41185994ad813ae870a97833228ceeb01,eth,27262.29894,71427741.57,0.42,71427741.99,71427741.99
0x5ee84d30c7ee57f63f71c92247ff31f95e26916b,eth,27258.62021,71418103.24,104106431.3,175524534.6,175524534.6
0x68754e5054ad3eb546e6f60bbba327fff1642bdf,eth,27220.85084,71319146.76,0.26,71319147.02,71319147.02
0xe3ecd65cf2ad2eba2aa2be1d0894753b2172abd1,eth,27112.54121,71035373.47,63057332.04,134092705.5,134092705.5
0x354e1b45f31865132ca1c954c5b2ec9aa87c7fa8,eth,27096.42944,70993160.33,0,70993160.33,70993160.33
0x5d0d88bcece4947cb9a9b7e102767febfdbde996,eth,27026.35574,70809565.91,20764058.51,91573624.43,91573624.43
0xd04daa65144b97f147fbc9a9b45e741df0a28fd7,eth,27001.00876,70743156.34,49.33,70743205.68,70743205.68
0x2ebb9a5111fc3e1ce4ec0b10a9f4ea47525c1ee1,eth,26842.85825,70328798.99,0.19,70328799.18,70328799.18
0x57757e3d981446d585af0d9ae4d7df6d64647806,eth,26518.21281,69478221.77,57279309.46,126757531.2,126757531.2
0x517c46825fb35c273de66d71dcef0d7b63b1076b,eth,26475.59665,69268659.48,99275.09,69367934.57,69367934.57
0x7d6149ad9a573a6e2ca6ebf7d4897c1b766841b4,eth,26469.13552,69251755.08,49893500.94,119145256,119145256
0xb3e45b73401c0acae07751e5c062bf98639c7090,eth,26338.44656,68909830.81,0.28,68909831.09,68909831.09
0x21a31ee1afc51d94c2efccaa2092ad1028285549,eth,50744.58364,132764119.7,461966796.5,594730916.3,594730916.3
0x4ae51f92c4569ad0a7c0efd4084c331a1490415e,eth,26253.38398,68687279.78,0.25,68687280.03,68687280.03
0x0564d2cb3bddf6b68399a4115c021839011955ab,eth,26069.25178,68205530.85,0.26,68205531.1,68205531.1
0x95cddecd01856aa896426bd1ee021d87f3a5c199,eth,26000.15888,68024761.64,13.9,68024775.54,68024775.54
0x63b69ff1dd735dcc4556257e63604a7087aef640,eth,25885.44651,67724637.27,0.26,67724637.54,67724637.54
0x7711be4c8ce719146667e21b4829fb839f5cc28e,eth,25878.65748,67706874.97,0.24,67706875.21,67706875.21
0x06f6bbe65d594e046971a1a0337c838e454bef33,eth,25869.2694,67682312.75,0.24,67682312.99,67682312.99
0x98adef6f2ac8572ec48965509d69a8dd5e8bba9d,eth,25816.50748,67544270.64,285066678.3,352610948.9,352610948.9
0x9b0c45d46d386cedd98873168c36efd0dcba8d46,eth,25409.78566,66480155.78,389669341,456149496.8,456149496.8
0x738ca94db7ce8be1c3056cd6988eb376359f3353,eth,25500.00004,66716185.58,445.45,66716631.03,66716631.03
0xc0bc8ffc7d1339ccf81e8f4db0ca0bc82f30bbf6,eth,25352.55073,66330410.85,0.26,66330411.1,66330411.1
0xe9b45c2973ed20285ac66966eebd52d5e0fe7362,eth,25324.65546,66257427.87,643.28,66258071.15,66258071.15
0x4c4761039776baf7d35d848fc339c2fb83081919,eth,25292.81687,66174127.89,0.27,66174128.16,66174128.16
0xa329e0274b764c45873346098ec9ddcec1546731,eth,25201.79705,65935990.83,0.28,65935991.11,65935991.11
0xddbe36334fa75a371c22ecb4cef41d66061564b3,eth,25173.46622,65861868.28,0.25,65861868.53,65861868.53
0x0017408209fd546fda8f5f5135ebfb346a7cfabf,eth,25114.99988,65708901.58,0.26,65708901.83,65708901.83
0x17907a61ddea6dfb4f8c3f5dbcfac086303b8653,eth,25075.36884,65605214.05,0,65605214.05,65605214.05
0x237b5ad89d6513630b71bbf783c1edcc84fb6aab,eth,25010.33246,65486416.9,23524565.89,89010982.79,89010982.79
0xea92a3ad0568e197b8353324443dbe1171c2cb6b,eth,25000.00029,65459363.41,0,65459363.41,65459363.41
0x8c11bda622e6780ff36e5b4d887db5d186367df9,eth,25000.00005,65459362.77,0.12,65459362.89,65459362.89
0x43f852035254cf2fb1253257aa1b01bae37cdc0a,eth,25000.00004,65459362.76,0,65459362.76,65459362.76
0x54a679e853281a440911f72eae0e24107e9413dc,eth,25000.00002,65459362.7,30030604.91,95489967.62,95489967.62
0x072b8ec96f4bd51d85d2c9507cad23d930623348,eth,24990.00005,65433179.04,2.65,65433181.68,65433181.68
0x3cc936b795a188f0e246cbb2d74c5bd190aecf18,eth,24554.72823,64293474.4,963926238,1028219712,1028219712
0xb8040536958d5998ce4bec0cfc9c2204989848e9,eth,24472.42005,64077960.76,427.49,64078388.25,64078388.25
0xe4d63bdfb451227a49b6ddc047d680cc7e84b6cb,eth,24458.59962,64041773.7,0.25,64041773.94,64041773.94
0x7a5e99e67d6a5e8995f93d90d34ccb4b58524585,eth,24280.69035,63575940.6,0.24,63575940.84,63575940.84
0x4caab33b374048d87f8e7f383f88bd8f08b93440,eth,24268.97513,63545265.77,0.24,63545266.01,63545266.01
0xee1bf4d7c53af2beafc7dc1dcea222a8c6d87ad9,eth,24263.48543,63530891.66,54460212.58,117991104.2,117991104.2
0x15e34a8324164ef0890471f6f527451f7a22cf12,eth,24099.99692,63102817.53,415.24,63103232.77,63103232.77
0x17a96a2103c69c8d283bd8b229938bf339d67364,eth,23974.87504,62775201.57,0.24,62775201.81,62775201.81
0xf4e11b89519eccd988a56749f1c64ad9bfe0298f,eth,23777.7274,62258995.23,935649.12,63194644.35,63194644.35
0xa4ba59edffeb8bf4036907b3cd2bc4da8c90f5c5,eth,23758.11353,62207638.77,0.24,62207639.01,62207639.01
0xbc9b1e338fadf78c6a5667d1efb11c75b627a5fd,eth,23689.86739,62028944.81,0.23,62028945.05,62028945.05
0xac0f906e433d58fa868f936e8a43230473652885,eth,23658.66481,61947244.77,0.28,61947245.05,61947245.05
0xb5d85cbf7cb3ee0d56b3bb207d5fc4b82f43f511,eth,24629.32122,64488786.78,224696.06,64713482.83,64713482.83
0x02d3e24545ec92951e51a953b4d24068e7c6d8a4,eth,23227.92051,60843812.3,0,60843812.3,60843812.3
0x649614d3f7a7d68b3cf3c00264a07eeae4326fdc,eth,23073.40105,60439060.03,7123007.04,67562067.07,67562067.07
0x2eb08efb9e10d9f56e46938f28c13ecb33f67b15,eth,23069.83808,60429727.12,256.75,60429983.87,60429983.87
0xc8d6c156c13ac68ada3f03b80fc201ae4867a57d,eth,22044.24531,57743263.04,0,57743263.04,57743263.04
0x3b6d76719a4ea8c53a7a26b50175b8de23c8e956,eth,23000.00994,60246817.49,8.01,60246825.5,60246825.5
0x7b91d55b7f41cc589df8ae190f354ffa5c02980c,eth,22930.39197,60064458.38,0.24,60064458.63,60064458.63
0xd7e4b67e735733ac98a88f13d087d8aac670e644,eth,22839.68873,59826867.98,0.24,59826868.22,59826868.22
0xbe8fe56063aa85014ea674db171dcba015c3a4d4,eth,22735.07823,59552848.56,0.27,59552848.83,59552848.83
0xec5feafe210c12bfc9a5d05925a123f1e73fbef8,eth,22538.10242,59036885.05,106.98,59036992.03,59036992.03
0x39aee7eb09081f41269bf8420d1050cac61e7f59,eth,22537.90091,59036357.2,0,59036357.2,59036357.2
0x14652fe0e31ac31161e08f219f622e7098f10be4,eth,22500.20003,58937602.56,0,58937602.56,58937602.56
0xde8b1b1c6501c4aac85df0e64a198fb7bb65ea60,eth,22500.02531,58937144.9,0,58937144.9,58937144.9
0xc095e413dbdfa46be1dbac8e5fd8398e942f02d6,eth,22453.19794,58814484.08,22885328,81699812.08,81699812.08
0xd01ae1a708614948b2b5e0b7ab5be6afa01325c7,eth,22212.5889,58184226.56,0,58184226.56,58184226.56
0xedc4402812c1e4d8312a5a2ed7bfee89c49613ba,eth,22090.45208,57864298.24,382.32,57864680.56,57864680.56
0x79b91d213e019c62e6d1ef87c2e6e9fd07320373,eth,22088.43709,57859020.12,383.72,57859403.83,57859403.83
0x6fe6b1ab512a0bbef752086bded463107dd8ba15,eth,22083.55503,57846231.92,383.68,57846615.6,57846615.6
0xabf81ecd63f1e4816abb1747aedbcde720459fe0,eth,22080.75928,57838908.68,383.54,57839292.22,57839292.22
0x378d1814b1d3d84c10a51317d26584b61c70b617,eth,22079.98423,57836878.49,384.77,57837263.25,57837263.25
0xe09f3fd42f4b7d6d2d70d412298973658f2b23b5,eth,22078.99136,57834277.72,383.6,57834661.32,57834661.32
0x14e54f67cb3066b95fdde16eb4ce673dc4d4c74c,eth,22000.00071,57627367.59,0,57627367.59,57627367.59
0xf881814d517f1f4b52dbf35ca9ebd9e2f646d22f,eth,22000.00063,57627367.39,0,57627367.39,57627367.39
0x872a5f4816671953ce03749ba39648dccfc00fca,eth,22000.00053,57627367.12,0,57627367.12,57627367.12
0xa40f46d4dbd33be5f4cc11772e95f8fa8dc67dab,eth,21953.01326,57504287.47,0.24,57504287.7,57504287.7
0xc155e5ca4e17041333ae66728b1fd77bf178be74,eth,21860.86057,57262900.32,9586.63,57272486.95,57272486.95
0x379825f8da776b573a63404a5c499c8a379a131f,eth,21855.00003,57247549.09,0.27,57247549.37,57247549.37
0x43ab622752d766d694c005acfb78b1fc60f35b69,eth,21704.32561,56852868.64,2.57,56852871.21,56852871.21
0xa38b1d7d1add762e7a5370dc84c754095017241e,eth,21694.00813,56825842.77,0.24,56825843.01,56825843.01
0x7c0c71d143c0ab9e1abc793b14d99b5cf8765e62,eth,21615.87548,56621180.07,0.4,56621180.47,56621180.47
0xa0399681d2c1547d9c1408562218f02ca3c965c6,eth,21541.49368,56426342.49,66512568.82,122938911.3,122938911.3
0x37b089763fb7633135737afc55859180d68924c8,eth,21286.95747,55759603.79,0,55759603.79,55759603.79
0x67fad242e46bcae9c23c0ab59b7c55ae7fdff34e,eth,21229.43463,55608926.99,0.27,55608927.26,55608927.26
0xaf25663da625032c2f486a28b6d55b8cd22b74cc,eth,21108.37089,55291809.51,390.47,55292199.98,55292199.98
0xeb794a13dcc8710f6578070e884a20c1dde4b28d,eth,21000.00005,55007940.15,0,55007940.15,55007940.15
0x830b9eba30096ee7d8b10dbe4a5912c5ba69b019,eth,20917.95501,54793029.26,0.12,54793029.38,54793029.38
0xb909543fe81a472d5bc9af8f66b896aa3159141e,eth,20800.00025,54484055.52,0.24,54484055.76,54484055.76
0xf02e86d9e0efd57ad034faf52201b79917fe0713,eth,20779.29064,54429808.23,31497165.72,85926973.95,85926973.95
0xdc24316b9ae028f1497c275eb9192a3ea0f67022,eth,20755.56795,54367668.43,71725839.24,126093507.7,126093507.7
0x1d5a591eebb5bcb20f440d121e4f62e8d1689997,eth,20753.00005,54360941.98,47650884.4,102011826.4,102011826.4
0xcd4a584d5938a431083183055ac7a066aa3e1985,eth,20644.04929,54075553.57,359.64,54075913.22,54075913.22
0x184f1960bafd44e8ad8d56ae91ce641678a48602,eth,20594.92196,53946868.19,0.24,53946868.43,53946868.43
0xfb19f3d1c32f99f7e822cfc27010679f1bf2cb05,eth,20558.00068,53850155.63,0.25,53850155.88,53850155.88
0xbe88b86c707f57dce8cf94fbdb1d90dc9596572a,eth,20323.78483,53236644.61,0.25,53236644.85,53236644.85
0x6a51d95b6f9e24b4ae71fe4751b12ff87ddb19cd,eth,20443.75202,53550889.74,2.67,53550892.42,53550892.42
0xbea9f7fd27f4ee20066f18def0bc586ec221055a,eth,20409.94531,53462335.59,0.24,53462335.83,53462335.83
0x14bbf6493b7923284e4957fa4de9f3c2b1bab120,eth,20182.7432,52867196.53,0.24,52867196.77,52867196.77
0x253f1e742a2cec86b0d7b306e5eacb6ccb2f8554,eth,20040.00031,52493292.15,353.53,52493645.68,52493645.68
0x1c4b70a3968436b9a0a9cf5205c787eb81bb558c,eth,20027.25882,52459916.75,60778313.4,113238230.2,113238230.2
0x3c8fdb4b682a6149f5c90821d9ce94940d567a7f,eth,20001.03197,52363205.43,15.19,52363220.62,52363220.62
0xcf6031df45f169a8d8cde2890feed28724c69efa,eth,20000.9568,52363008.65,0,52363008.65,52363008.65
0xf770ef2e23bae5de5f7dd0cfe56fe68c8c3cfa48,eth,20000.95626,52363007.23,0.37,52363007.61,52363007.61
0x24cc59bc6d1e5145b073a5e5aac1486d1548a7fb,eth,20000.70854,52362358.69,0.39,52362359.07,52362359.07
0x6a7b2e0d88867ff15d207c222bebf94fa6ce8397,eth,20000.40256,52361557.64,1020.62,52362578.26,52362578.26
0x3b7f0c36d59a8c9c5e4ef2210d18651b17f82d86,eth,20000.37333,52361481.11,678.89,52362160.01,52362160.01
0x0251536bfcf144b88e1afa8fe60184ffdb4caf16,eth,20000.11799,52360812.63,0,52360812.63,52360812.63
0x2449bfe8754b79add948bb3814aceff176b6e559,eth,20000.0828,52360720.49,85.21,52360805.71,52360805.71
0x5608c231745fe46b9f73058cde0d86ac0ff0df38,eth,20000.00132,52360507.18,2.67,52360509.85,52360509.85
0x5ce2e7ceaaa18af0f8aafa7fbad74cc89e3cd436,eth,20000.00105,52360506.46,353.9,52360860.36,52360860.36
0x0a636a76405627698880b96dc9e96b0c12aa90b9,eth,20000.00018,52360504.18,2.4,52360506.58,52360506.58
0x3339aad5f1a0cc95d6dee6ddf10b444f080c7cb5,eth,20000.0001,52360503.97,0,52360503.97,52360503.97
0x6f28ebf3170aa00bfdf7131a4635a04976c657ed,eth,20000.0001,52360503.97,0,52360503.97,52360503.97
0xe652a5404f5867ba5d9ece2b95f48b3a267f6d69,eth,20000.00007,52360503.9,2.4,52360506.3,52360506.3
0xda0f9efb79cca7321adf4bc56fbda57232ded986,eth,20000.00006,52360503.88,2.4,52360506.28,52360506.28
0xa3932a31d6ff75fb3b1271ace7caa7d5e1ff1051,eth,20000.00006,52360503.87,352.82,52360856.7,52360856.7
0x93a107b4bee1c3679d42ff97d03582d2ead43fd0,eth,20000.00005,52360503.86,2.68,52360506.54,52360506.54
0x8660f250d912c528285747da47518a94e56899a6,eth,20000.00005,52360503.86,2.66,52360506.52,52360506.52
0x84678bbe94eeec41e312cc9e557217926c6b2f6d,eth,20000.00005,52360503.86,2.68,52360506.55,52360506.55
0x8f5e73014d00bee5f88505db1950830373911d3a,eth,20000.00005,52360503.86,2.67,52360506.53,52360506.53
0x0dc0dd9978de3ed2a9ccd64e1a5f051050d9a55c,eth,20000.00005,52360503.86,2.64,52360506.49,52360506.49
0xb1cd4bdfd104489a026ec99d597307a04279f173,eth,20000.00005,52360503.84,354.03,52360857.87,52360857.87
0xd942de4784f7a48716c0fd4b9d54a6e54c5f2f3e,eth,20000.00005,52360503.84,353.21,52360857.05,52360857.05
0x12afbcba1427a6a39e7ba4849f7ab1c4358ac31b,eth,20000.00005,52360503.84,354.06,52360857.89,52360857.89
0x02b6d65cb00b7b36e1fb5ed3632c4cb20a894130,eth,20000.00005,52360503.84,352.99,52360856.82,52360856.82
0xfbac831c5a71bf8f517b3a33cbfffdd448ebb5c6,eth,20000.00004,52360503.82,0.25,52360504.07,52360504.07
0x91056475a96c5bf3ede4bba4d4b856c4210b70cd,eth,20000.00004,52360503.82,2.64,52360506.46,52360506.46
0xa6b6f509b205a199962585f094d53bd89be619fc,eth,20000.00004,52360503.82,2.65,52360506.47,52360506.47
0x73e47ed13c96bbfa3301565226f7650c171c65ae,eth,20000.00004,52360503.82,2.67,52360506.49,52360506.49
0x27ca5d05bb99a31c1cb793c8679f605ea58c1dd3,eth,20000.00004,52360503.82,2.67,52360506.48,52360506.48
0xe551729730118c7114e9465f3743a73c417090a4,eth,20000.00004,52360503.82,2.66,52360506.47,52360506.47
0x809817ed1b3d124067c43c79695c816285897673,eth,20000.00004,52515539.1,2.65,52515541.75,52515541.75
0x1514f411b9c7fcc763af4d97182b26e2df162552,eth,20000.00003,52515539.09,2.67,52515541.76,52515541.76
0x329b872573ba71bef919ae216de07158a872629d,eth,20000.00003,52515539.09,2.4,52515541.49,52515541.49
0x083937d7b7e7620c63356fdf07bf50dcd8c61551,eth,20000.00003,52515539.09,2.4,52515541.49,52515541.49
